<?xml version="1.0" encoding="UTF-8"?>
<con:soapui-project id="14a39559-cecb-4937-a9c2-354b5664ddec" activeEnvironment="Default" name="Assignment 5.3" resourceRoot="" soapui-version="5.5.0" abortOnError="false" runType="SEQUENTIAL" xmlns:con="http://eviware.com/soapui/config"><con:settings/><con:interface xsi:type="con:RestService" id="239e315a-d0f4-4d2f-b45f-10c0fcd1515e" wadlVersion="http://wadl.dev.java.net/2009/02" name="https://sheetlabs.com" type="rest" xmlns:xsi="http://www.w3.org/2001/XMLSchema-instance"><con:settings/><con:definitionCache type="TEXT" rootPart=""/><con:endpoints><con:endpoint>http://Adams-MacBook-Pro.local:8089/</con:endpoint><con:endpoint>https://sheetlabs.com</con:endpoint></con:endpoints><con:resource name="Rv" path="/IND/rv" id="686d40c8-7861-4697-95f8-ce920396d22e"><con:settings/><con:parameters/><con:method name="Rv 1" id="daf10588-fbc5-4006-ad0a-32969c71c2d8" method="GET"><con:settings/><con:parameters><con:parameter><con:name>sukta</con:name><con:value>26</con:value><con:style>QUERY</con:style><con:default>26</con:default><con:description xsi:nil="true"/></con:parameter></con:parameters><con:representation type="RESPONSE"><con:mediaType>application/json; charset=utf-8</con:mediaType><con:status>200</con:status><con:params/><con:element>Response</con:element></con:representation><con:representation type="REQUEST"><con:mediaType>application/json</con:mediaType><con:params/></con:representation><con:representation type="FAULT"><con:mediaType>application/json; charset=utf-8</con:mediaType><con:status>400</con:status><con:params/><con:element xmlns:rv="https://sheetlabs.com/IND/rv">rv:Fault</con:element></con:representation><con:request name="Request 1" id="1950a4a1-6b57-47a8-b434-219be9e7e4fe" mediaType="application/json" postQueryString="false"><con:settings><con:setting id="com.eviware.soapui.impl.wsdl.WsdlRequest@request-headers">&lt;xml-fragment/></con:setting></con:settings><con:endpoint>https://sheetlabs.com</con:endpoint><con:request/><con:originalUri>https://sheetlabs.com/IND/rv</con:originalUri><con:credentials><con:authType>No Authorization</con:authType></con:credentials><con:jmsConfig JMSDeliveryMode="PERSISTENT"/><con:jmsPropertyConfig/><con:parameters/><con:parameterOrder><con:entry>sukta</con:entry></con:parameterOrder></con:request></con:method></con:resource></con:interface><con:properties/><con:wssContainer/><con:oAuth2ProfileContainer/><con:oAuth1ProfileContainer/><con:sensitiveInformation/></con:soapui-project>