<?xml version="1.0" encoding="UTF-8"?>
<con:soapui-project id="cd3aa091-f85a-4fa0-be0f-8ae4d7b8f4a6" activeEnvironment="Default" name="Donner-Assignment-9.3" resourceRoot="" soapui-version="5.5.0" xmlns:con="http://eviware.com/soapui/config"><con:settings/><con:interface xsi:type="con:RestService" id="849f83d7-95aa-48d3-be35-b0987947d0cb" wadlVersion="http://wadl.dev.java.net/2009/02" name="https://donner-api-gateway.herokuapp.com" type="rest" xmlns:xsi="http://www.w3.org/2001/XMLSchema-instance"><con:settings/><con:definitionCache/><con:endpoints><con:endpoint>https://donner-api-gateway.herokuapp.com</con:endpoint></con:endpoints><con:resource name="register" path="/api/auth/register" id="b8ea5f37-d8fa-4ed2-a589-dc81d3679d5a"><con:settings/><con:parameters/><con:method name="Method 1" id="a320a9ba-780b-43c3-a452-c6814c395c18" method="POST"><con:settings/><con:parameters/><con:representation type="RESPONSE"><con:mediaType>application/json; charset=utf-8</con:mediaType><con:status>200</con:status><con:params/><con:element xmlns:reg="https://donner-api-gateway.herokuapp.com/api/auth/register">reg:Response</con:element></con:representation><con:representation type="REQUEST"><con:mediaType>application/x-www-form-urlencoded</con:mediaType><con:params/></con:representation><con:request name="Request 1" id="25b1ea51-f4cc-4342-a34d-7e05b29f18da" mediaType="application/x-www-form-urlencoded" postQueryString="false"><con:settings><con:setting id="com.eviware.soapui.impl.wsdl.WsdlRequest@request-headers">&lt;xml-fragment/></con:setting></con:settings><con:endpoint>https://donner-api-gateway.herokuapp.com</con:endpoint><con:request>grant_type=password&amp;username=user1&amp;password=user1&amp;email=user1@test.com</con:request><con:originalUri>https://donner-api-gateway.herokuapp.com/api/auth/register</con:originalUri><con:credentials><con:authType>No Authorization</con:authType></con:credentials><con:jmsConfig JMSDeliveryMode="PERSISTENT"/><con:jmsPropertyConfig/><con:parameters/></con:request></con:method></con:resource><con:resource name="token" path="/api/auth/token" id="2479a629-b406-4dc0-9a21-4a73af0ce13a"><con:settings/><con:parameters/><con:method name="Method 1" id="d652756b-0ff1-40e1-af8e-db4fcf37cc8f" method="GET"><con:settings/><con:parameters/><con:representation type="RESPONSE"><con:mediaType>application/json; charset=utf-8</con:mediaType><con:status>200</con:status><con:params/><con:element xmlns:tok="https://donner-api-gateway.herokuapp.com/api/auth/token">tok:Response</con:element></con:representation><con:request name="Request 1" id="d11a492f-592b-4085-87b2-7d732677c8d8" mediaType="application/json"><con:settings><con:setting id="com.eviware.soapui.impl.wsdl.WsdlRequest@request-headers">&lt;entry key="x-access-token" value="eyJhbGciOiJIUzI1NiIsInR5cCI6IkpXVCJ9.eyJpZCI6IjVkNjMyMWMzOGE1MzRlMDAxNzEzNTI4MyIsImlhdCI6MTU2Njc3Nzc5NSwiZXhwIjoxNTY2ODY0MTk1fQ.tYCM1ylRD5BSin30ZIGxYEkZouAMRGV8L-_WWN6q9N8" xmlns="http://eviware.com/soapui/config"/></con:setting></con:settings><con:endpoint>https://donner-api-gateway.herokuapp.com</con:endpoint><con:request/><con:originalUri>https://donner-api-gateway.herokuapp.com/api/auth/token</con:originalUri><con:credentials><con:authType>No Authorization</con:authType></con:credentials><con:jmsConfig JMSDeliveryMode="PERSISTENT"/><con:jmsPropertyConfig/><con:parameters/></con:request></con:method></con:resource><con:resource name="login" path="/api/auth/login" id="31f455b4-8ddb-481b-a6c1-eb0faaf3f66d"><con:settings/><con:parameters/><con:method name="Method 1" id="5dd33594-e4df-4a7b-8fe8-f0da66f96da0" method="POST"><con:settings/><con:parameters/><con:representation type="RESPONSE"><con:mediaType>application/json; charset=utf-8</con:mediaType><con:status>200</con:status><con:params/><con:element xmlns:log="https://donner-api-gateway.herokuapp.com/api/auth/login">log:Response</con:element></con:representation><con:representation type="REQUEST"><con:mediaType>application/x-www-form-urlencoded</con:mediaType><con:params/></con:representation><con:request name="Request 1" id="6ba03331-c19d-4cad-82e8-f8388c9ff481" mediaType="application/x-www-form-urlencoded" postQueryString="false"><con:settings><con:setting id="com.eviware.soapui.impl.wsdl.WsdlRequest@request-headers">&lt;xml-fragment/></con:setting></con:settings><con:endpoint>https://donner-api-gateway.herokuapp.com</con:endpoint><con:request>grant_type=password&amp;username=user1&amp;password=user1&amp;email=user1@test.com</con:request><con:originalUri>https://donner-api-gateway.herokuapp.com/api/auth/login</con:originalUri><con:credentials><con:authType>No Authorization</con:authType></con:credentials><con:jmsConfig JMSDeliveryMode="PERSISTENT"/><con:jmsPropertyConfig/><con:parameters/></con:request></con:method></con:resource><con:resource name="logout" path="/api/auth/logout" id="8be6e40f-2dd7-4347-a635-b3534432633b"><con:settings/><con:parameters/><con:method name="Method 1" id="8319de37-77b7-4796-a24e-9ab151dbf5bc" method="GET"><con:settings/><con:parameters/><con:representation type="RESPONSE"><con:mediaType>application/json; charset=utf-8</con:mediaType><con:status>200</con:status><con:params/><con:element xmlns:log="https://donner-api-gateway.herokuapp.com/api/auth/logout">log:Response</con:element></con:representation><con:request name="Request 1" id="28915de6-138b-49b5-ba94-f934b24a3f2f" mediaType="application/json"><con:settings><con:setting id="com.eviware.soapui.impl.wsdl.WsdlRequest@request-headers">&lt;xml-fragment/></con:setting></con:settings><con:endpoint>https://donner-api-gateway.herokuapp.com</con:endpoint><con:request/><con:originalUri>https://donner-api-gateway.herokuapp.com/api/auth/logout</con:originalUri><con:credentials><con:authType>No Authorization</con:authType></con:credentials><con:jmsConfig JMSDeliveryMode="PERSISTENT"/><con:jmsPropertyConfig/><con:parameters/></con:request></con:method></con:resource></con:interface><con:properties/><con:wssContainer/><con:oAuth2ProfileContainer/><con:oAuth1ProfileContainer/></con:soapui-project>